id;Latex;English 1;English 2;English 3
1;\text{{Rank}}(A);;;
2;\text{{Nullity}}(A);;;
3;p(z) = 314 + 122v + 355b^2 + \cdots + 444b^n;;;
4;\vec{F} = m\vec{\alpha};;;
5;E = m{c}^2;;;
6;i\hbar\frac{\partial}{\partial t}\Psi(c,t) = \hat{H}\Psi(i,t);;;
7;S = \pi {radius}^2;;;
8;V = \frac{4}{3}\pi {radius}^3;;;
9;\sin^2(m) + \cos^2(l) = 1;;;
10;248^3 + 143^3 = (204 + 164)^3 - 3265416(391 + 88);;;
11;P(E1 | E2) = \frac{P(E2 | E1)P(E1)}{P(E2)};;;
12;P(E1 | E2) = \frac{P(E1 \cap E2)}{P(E2)};;;
13;P(E1) = \sum_{n} P(E1 | {eventn})P({eventn});;;
14;E(X) = \sum x_iP(X=x_i);;;
15;Var(X) = \sum (x_i - \mu)^2P(X=x_i);;;
16;\sigma = \sqrt{Var(X)};;;
17;P(X=x) = P({event}) for x \in X;;;
18;F(x) = P(X \le x) = \sum_{x_i \le x} P(X=x_i);;;
19;P(X=k) = \frac{e^{-\lambda}\lambda^k}{k!};;;
20;P(X=k) = \binom{n}{k}p^k(1-p)^{n-k};;;
21;f(x) = \frac{1}{\sigma\sqrt{2\pi}}e^{-\frac{1}{2}(\frac{x-\mu}{\sigma})^2};;;
22;P(|X-\mu| \ge k\sigma) \le \frac{1}{k^2};;;
23;\bar{X}_n \sim N(\mu, \frac{\sigma^2}{n});;;
24;lim_{n\to\infty} P(|\bar{X}_n - \mu| > \epsilon) = 0;;;
25;Cov(X,Y) = E[(X-\mu_X)(Y-\mu_Y)];;;
26;\rho_{X,Y} = \frac{Cov(X,Y)}{\sigma_X \sigma_Y};;;
27;E(X|Y=y) = \sum x P(X=x | Y=y);;;
28;f_X(x) = \int_{-\infty}^{\infty} f_{X,Y}(x,y) dy;;;
29;P(E1 \cap E2) = P(E1)P(E2);;;
30;P(X=x, Y=y) = P(X=x)P(Y=y | X=x);;;
31;531 + 905 = 488;;;
32;701 + 777 = 799;;;
33;673 + 754 = 536;;;
34;5912 + 97 = 932;;;
35;552 + 616 = 833;;;
36;564 + 560 = 8;;;
37;188 + 989 = 391;;;
38;707 + 740 = 200;;;
39;486 + 634 = 486;;;
40;605 + 241 = 7918;;;
41;751 + 904 = 51;;;
42;153 + 847 = 982;;;
43;736 + 532 = 37;;;
44;985 + 514 = 2414;;;
45;399 + 921 = 523;;;
46;342 + 2 = 769;;;
47;497 + 417 = 124;;;
48;119 + 889 = 380;;;
49;5637 + 243 = 607;;;
50;496 + 795 = 785;;;
51;161 - 189 = 951;;;
52;870 - 566 = 196;;;
53;8759 - 215 = 305;;;
54;408 - 530 = 538;;;
55;135 - 515 = 939;;;
56;522 - 298 = 63;;;
57;23 - 742 = 741;;;
58;631 - 388 = 29;;;
59;997 - 7 = 744;;;
60;104 - 784 = 294;;;
61;232 - 4402 = 22;;;
62;640 - 870 = 961;;;
63;301 - 197 = 709;;;
64;675 - 754 = 259;;;
65;798 - 912 = 357;;;
66;557 - 466 = 813;;;
67;79 - 64 = 6887;;;
68;77 - 318 = 859;;;
69;317 - 616 = 5363;;;
70;829 - 841 = 9230;;;
71;545 \times 673 = 34;;;
72;463 \times 54 = 391;;;
73;849 \times 550 = 412;;;
74;522 \times 153 = 471;;;
75;460 \times 931 = 321;;;
76;1876 \times 922 = 9;;;
77;2378 \times 930 = 779;;;
78;939 \times 7237 = 13;;;
79;141 \times 792 = 96;;;
80;947 \times 546 = 510;;;
81;1243 \times 637 = 845;;;
82;56 \times 5685 = 106;;;
83;589 \times 761 = 688;;;
84;378 \times 51 = 21;;;
85;461 \times 563 = 93;;;
86;363 \times 424 = 929;;;
87;212 \times 31 = 5186;;;
88;563 \times 152 = 735;;;
89;969 \times 110 = 936;;;
90;684 \times 969 = 118;;;
91;476 \div 813 = 415;;;
92;9985 \div 806 = 985;;;
93;768 \div 299 = 45;;;
94;550 \div 868 = 579;;;
95;790 \div 632 = 160;;;
96;19 \div 899 = 944;;;
97;346 \div 189 = 878;;;
98;1163 \div 977 = 646;;;
99;774 \div 604 = 673;;;
100;440 \div 201 = 325;;;
101;5680 \div 324 = 734;;;
102;898 \div 597 = 560;;;
103;482 \div 570 = 36;;;
104;152 \div 508 = 364;;;
105;450 \div 486 = 664;;;
106;899 \div 315 = 975;;;
107;456 \div 867 = 371;;;
108;355 \div 696 = 822;;;
109;221 \div 750 = 113;;;
110;391 \div 74 = 930;;;
111;{\sum_{i=1}^{n} 779 \times y_i};;;
112;{\sum_{i=1}^{n} 158 \times \zeta_i};;;
113;{\sum_{i=1}^{n} 486 \times x_i};;;
114;{\sum_{i=1}^{n} 580 \times x_i};;;
115;{\sum_{i=1}^{n} 479 \times a_i};;;
116;{\sum_{i=1}^{n} 4 \times \eta_i};;;
117;{\sum_{i=1}^{n} 778 \times \epsilon_i};;;
118;{\sum_{i=1}^{n} 41 \times z_i};;;
119;{\sum_{i=1}^{n} 768 \times \delta_i};;;
120;{\sum_{i=1}^{n} 480 \times \zeta_i};;;
121;{\sum_{i=1}^{n} 543 \times c_i};;;
122;{\sum_{i=1}^{n} 522 \times \alpha_i};;;
123;{\sum_{i=1}^{n} 902 \times b_i};;;
124;{\sum_{i=1}^{n} 904 \times \delta_i};;;
125;{\sum_{i=1}^{n} 689 \times \eta_i};;;
126;{\sum_{i=1}^{n} 576 \times c_i};;;
127;{\sum_{i=1}^{n} 915 \times \delta_i};;;
128;{\sum_{i=1}^{n} 97 \times a_i};;;
129;{\sum_{i=1}^{n} 394 \times y_i};;;
130;{\sum_{i=1}^{n} 738 \times \eta_i};;;
131;{\int_{{\zeta}}^{{\eta}} \omega(x) d y};;;
132;{\int_{{\zeta}}^{{\eta}} h(c) d \epsilon};;;
133;{\int_{{\zeta}}^{{\eta}} f(a) d y};;;
134;{\int_{{\zeta}}^{{\eta}} g(\zeta) d x};;;
135;{\int_{{\zeta}}^{{\eta}} g(\eta) d \alpha};;;
136;{\int_{{\zeta}}^{{\eta}} g(z) d \delta};;;
137;{\int_{{\zeta}}^{{\eta}} \phi(\zeta) d b};;;
138;{\int_{{\zeta}}^{{\eta}} \phi(b) d \alpha};;;
139;{\int_{{\zeta}}^{{\eta}} g(y) d \alpha};;;
140;{\int_{{\zeta}}^{{\eta}} g(x) d \beta};;;
141;{\int_{{\zeta}}^{{\eta}} g(\zeta) d z};;;
142;{\int_{{\zeta}}^{{\eta}} h(a) d a};;;
143;{\int_{{\zeta}}^{{\eta}} f(x) d x};;;
144;{\int_{{\zeta}}^{{\eta}} h(\delta) d y};;;
145;{\int_{{\zeta}}^{{\eta}} h(\eta) d \eta};;;
146;{\int_{{\zeta}}^{{\eta}} h(y) d b};;;
147;{\int_{{\zeta}}^{{\eta}} f(\zeta) d x};;;
148;{\int_{{\zeta}}^{{\eta}} \psi(c) d \epsilon};;;
149;{\int_{{\zeta}}^{{\eta}} h(\alpha) d x};;;
150;{\int_{{\zeta}}^{{\eta}} g(y) d a};;;
151;z^2 + \zeta^2 = c^2;;;
152;\delta^2 + z^2 = z^2;;;
153;\delta^2 + \eta^2 = y^2;;;
154;x^2 + z^2 = a^2;;;
155;\zeta^2 + a^2 = x^2;;;
156;c^2 + \zeta^2 = a^2;;;
157;\alpha^2 + \alpha^2 = \alpha^2;;;
158;a^2 + \alpha^2 = \alpha^2;;;
159;\alpha^2 + b^2 = \gamma^2;;;
160;\zeta^2 + a^2 = a^2;;;
161;y^2 + \epsilon^2 = \delta^2;;;
162;a^2 + y^2 = \delta^2;;;
163;\eta^2 + \alpha^2 = \gamma^2;;;
164;b^2 + \delta^2 = \beta^2;;;
165;\delta^2 + \delta^2 = \beta^2;;;
166;y^2 + z^2 = y^2;;;
167;\eta^2 + z^2 = z^2;;;
168;\delta^2 + c^2 = \epsilon^2;;;
169;\zeta^2 + \delta^2 = y^2;;;
170;z^2 + \beta^2 = c^2;;;
171;e^{x\pi} + 63 = 0;;;
172;e^{\alpha\pi} + 984 = 0;;;
173;e^{\zeta\pi} + 290 = 0;;;
174;e^{c\pi} + 292 = 0;;;
175;e^{a\pi} + 681 = 0;;;
176;e^{\epsilon\pi} + 333 = 0;;;
177;e^{y\pi} + 151 = 0;;;
178;e^{a\pi} + 596 = 0;;;
179;e^{x\pi} + 143 = 0;;;
180;e^{z\pi} + 575 = 0;;;
181;e^{\alpha\pi} + 396 = 0;;;
182;e^{\epsilon\pi} + 475 = 0;;;
183;e^{\epsilon\pi} + 674 = 0;;;
184;e^{b\pi} + 1690 = 0;;;
185;e^{\eta\pi} + 380 = 0;;;
186;e^{\alpha\pi} + 65 = 0;;;
187;e^{\delta\pi} + 634 = 0;;;
188;e^{x\pi} + 822 = 0;;;
189;e^{a\pi} + 577 = 0;;;
190;e^{c\pi} + 815 = 0;;;
191;\frac{d}{d \eta} f(\eta) = f'(a);;;
192;\frac{d}{d a} g(z) = G'(a);;;
193;\frac{d}{d y} f(y) = f'(a);;;
194;\frac{d}{d a} g(z) = G'(a);;;
195;\frac{d}{d \zeta} \omega(\zeta) =\omega'(a);;;
196;\frac{d}{d y} h(a) = h'(a);;;
197;\frac{d}{d \zeta} \phi(\zeta) = \phi'(a);;;
198;\frac{d}{d c} g(\zeta) = g'(\zeta);;;
199;\frac{d}{d y} h(\eta) = h'(\beta);;;
200;\frac{d}{d z} g(c) = G'(a);;;
201;\frac{d}{d \delta} g(\epsilon) = G'(a);;;
202;\frac{d}{d \eta} f(\alpha) = f'(\alpha);;;
203;\frac{d}{d \delta} \phi(\delta) = \phi'(\eta);;;
204;\frac{d}{d \epsilon} g(x) = G'(a);;;
205;\frac{d}{d \delta} g(\epsilon) = g'(\delta);;;
206;\frac{d}{d \epsilon} g(c) = g'(\zeta);;;
207;\frac{d}{d b} h(b) = h'(a);;;
208;\frac{d}{d \alpha} h(z) = h'(a);;;
209;\frac{d}{d z} \omega(\alpha) = \omega'(\gamma);;;
210;\frac{d}{d \alpha} g(\epsilon) = g'(\eta);;;
211;A \cdot {vector} = {vector};;;
212;\det(B) = 190;;;
213;\det(D) = 460;;;
214;\det(C) = 9;;;
215;\det(B) = 59921;;;
216;\det(B) = 819;;;
217;\det(C) = 6779;;;
218;\det(Y) = 611;;;
219;\det(C) = 713;;;
220;\det(D) = 368;;;
221;\det(C) = 780;;;
222;\det(A) = 432;;;
223;\det(Y) = 31080;;;
224;\det(C) = 77;;;
225;\det(Y) = 807;;;
226;\det(B) = 351;;;
227;\det(A) = 869;;;
228;\det(D) = 1847;;;
229;\det(C) = 9;;;
230;\det(C) = 4;;;
231;\det(A) = 871;;;
232;\lim_{b \to {infinity}} g(\eta);;;
233;\lim_{\epsilon \to {infinity}} h(c);;;
234;\lim_{\epsilon \to {infinity}} \psi(x);;;
235;\lim_{c \to {infinity}} f(y);;;
236;\lim_{x \to {infinity}} g(x);;;
237;\lim_{\epsilon \to {infinity}} f(\epsilon);;;
238;\lim_{x \to {infinity}} h(\beta);;;
239;\lim_{x \to {infinity}} g(c);;;
240;\lim_{z \to {infinity}} g(\eta);;;
241;\lim_{\epsilon \to {infinity}} \psi(\epsilon);;;
242;\lim_{b \to {infinity}} f(x);;;
243;\lim_{b \to {infinity}} g(a);;;
244;\lim_{\eta \to {infinity}} g(\delta);;;
245;\lim_{\delta \to {infinity}} \psi(\alpha);;;
246;\lim_{\epsilon \to {infinity}} f(\eta);;;
247;\lim_{b \to {infinity}} \phi(b);;;
248;\lim_{\alpha \to {infinity}} \phi(y);;;
249;\lim_{y \to {infinity}} g(z);;;
250;\lim_{c \to {infinity}} f(\delta);;;
251;\lim_{c \to {infinity}} f(\beta);;;
252;C_{m \times n};;;
253;\nabla \cdot \vec{F} = 947;;;
254;\nabla \cdot \vec{F} = 171;;;
255;\nabla \cdot \vec{F} = 419;;;
256;\nabla \cdot \vec{F} = 182;;;
257;\nabla \cdot \vec{F} = 672;;;
258;\nabla \cdot \vec{F} = 47;;;
259;\nabla \cdot \vec{F} = 202;;;
260;\nabla \cdot \vec{F} = 192;;;
261;\nabla \cdot \vec{F} = 745;;;
262;\nabla \cdot \vec{F} = 589;;;
263;\nabla \cdot \vec{F} = 699;;;
264;\nabla \cdot \vec{F} = 233;;;
265;\nabla \cdot \vec{F} = 835;;;
266;\nabla \cdot \vec{F} = 137;;;
267;\nabla \cdot \vec{F} = 158;;;
268;\nabla \cdot \vec{F} = 131;;;
269;\nabla \cdot \vec{F} = 513;;;
270;\nabla \cdot \vec{F} = 334;;;
271;\nabla \cdot \vec{F} = 65;;;
272;\nabla \cdot \vec{F} = 840;;;
273;\nabla \times \vec{F} = \vec{0};;;
274;\frac{\partial f}{\partial x} = f';;;
275;\frac{\partial h}{\partial \delta} = h';;;
276;\frac{\partial g}{\partial \zeta} = g';;;
277;\frac{\partial h}{\partial x} = h';;;
278;\frac{\partial \phi}{\partial \epsilon} = \phi';;;
279;\frac{\partial g}{\partial \delta} = g';;;
280;\frac{\partial \psi}{\partial a} = \psi';;;
281;\frac{\partial h}{\partial x} = h';;;
282;\frac{\partial f}{\partial a} = f';;;
283;\frac{\partial h}{\partial b} = h';;;
284;\frac{\partial \phi}{\partial \delta} = \phi';;;
285;\frac{\partial h}{\partial \zeta} = h';;;
286;\frac{\partial g}{\partial c} = g';;;
287;\frac{\partial h}{\partial x} = h';;;
288;\frac{\partial \phi}{\partial \eta} = \phi';;;
289;\frac{\partial f}{\partial x} = f';;;
290;\frac{\partial g}{\partial \eta} = g';;;
291;\frac{\partial h}{\partial \alpha} = h';;;
292;\frac{\partial f}{\partial \delta} = f';;;
293;\frac{\partial h}{\partial \alpha} = h';;;
294;z_1, y_2,..., a_n \in \mathbb{D};;;
295;b_1, \eta_2,..., b_n \in \mathbb{C};;;
296;x_1, x_2,..., y_n \in \mathbb{B};;;
297;a_1, x_2,..., \eta_n \in \mathbb{D};;;
298;\alpha_1, \delta_2,..., \eta_n \in \mathbb{Y};;;
299;b_1, \eta_2,..., b_n \in \mathbb{D};;;
300;b_1, \eta_2,..., \alpha_n \in \mathbb{Y};;;
301;\alpha_1, x_2,..., a_n \in \mathbb{Y};;;
302;a_1, c_2,..., \alpha_n \in \mathbb{Y};;;
303;b_1, z_2,..., a_n \in \mathbb{Y};;;
304;\eta_1, \beta_2,..., z_n \in \mathbb{D};;;
305;b_1, b_2,..., \beta_n \in \mathbb{B};;;
306;b_1, \delta_2,..., \gamma_n \in \mathbb{C};;;
307;z_1, \beta_2,..., \delta_n \in \mathbb{C};;;
308;a_1, z_2,..., \gamma_n \in \mathbb{D};;;
309;z_1, y_2,..., \zeta_n \in \mathbb{C};;;
310;\epsilon_1, c_2,..., c_n \in \mathbb{D};;;
311;\epsilon_1, \zeta_2,..., a_n \in \mathbb{D};;;
312;\alpha_1, b_2,..., \alpha_n \in \mathbb{X};;;
313;\eta_1, b_2,..., \gamma_n \in \mathbb{D};;;
314;\log_{323.19} c = 807;;;
315;\log_{42.63} x = 364;;;
316;\log_{33.09} \zeta = 683;;;
317;\log_{234.55} y = 191;;;
318;\log_{416.75} b = 3344;;;
319;\log_{353.47} c = 665;;;
320;\log_{481.00} \alpha = 32;;;
321;\log_{41.28} b = 302;;;
322;\log_{253.59} a = 307;;;
323;\log_{267.85} x = 576;;;
324;\log_{175.10} x = 655;;;
325;\log_{7.24} \epsilon = 187;;;
326;\log_{351.96} a = 360;;;
327;\log_{56.69} a = 347;;;
328;\log_{345.99} \epsilon = 464;;;
329;\log_{91.10} \epsilon = 698;;;
330;\log_{148.66} x = 350;;;
331;\log_{403.88} \eta = 903;;;
332;\log_{67.81} c = 180;;;
333;\log_{391.44} y = 682;;;
334;P({event}_A \cap {event}_B) = P({event}_A)P({event}_B);;;
335;\binom{n}{k} = \frac{n!}{k!(n-k)!};;;
336;||\vec{\zeta}|| = \sqrt{\zeta_1^2 + \gamma_2^2 + \cdots + \delta_n^2};;;
337;||\vec{c}|| = \sqrt{y_1^2 + \eta_2^2 + \cdots + \delta_n^2};;;
338;||\vec{c}|| = \sqrt{\epsilon_1^2 + c_2^2 + \cdots + \delta_n^2};;;
339;||\vec{\alpha}|| = \sqrt{a_1^2 + \epsilon_2^2 + \cdots + \delta_n^2};;;
340;||\vec{\zeta}|| = \sqrt{y_1^2 + \eta_2^2 + \cdots + \delta_n^2};;;
341;||\vec{a}|| = \sqrt{z_1^2 + z_2^2 + \cdots + \delta_n^2};;;
342;||\vec{a}|| = \sqrt{\beta_1^2 + a_2^2 + \cdots + \delta_n^2};;;
343;||\vec{y}|| = \sqrt{\delta_1^2 + c_2^2 + \cdots + \delta_n^2};;;
344;||\vec{b}|| = \sqrt{b_1^2 + x_2^2 + \cdots + \delta_n^2};;;
345;||\vec{\zeta}|| = \sqrt{\zeta_1^2 + x_2^2 + \cdots + \delta_n^2};;;
346;||\vec{z}|| = \sqrt{\eta_1^2 + b_2^2 + \cdots + \delta_n^2};;;
347;||\vec{c}|| = \sqrt{z_1^2 + z_2^2 + \cdots + \delta_n^2};;;
348;||\vec{b}|| = \sqrt{z_1^2 + a_2^2 + \cdots + \delta_n^2};;;
349;||\vec{\zeta}|| = \sqrt{a_1^2 + \gamma_2^2 + \cdots + \delta_n^2};;;
350;||\vec{y}|| = \sqrt{x_1^2 + z_2^2 + \cdots + \delta_n^2};;;
351;||\vec{\alpha}|| = \sqrt{\alpha_1^2 + \zeta_2^2 + \cdots + \delta_n^2};;;
352;||\vec{x}|| = \sqrt{x_1^2 + x_2^2 + \cdots + \delta_n^2};;;
353;||\vec{c}|| = \sqrt{z_1^2 + x_2^2 + \cdots + \delta_n^2};;;
354;||\vec{b}|| = \sqrt{\gamma_1^2 + \gamma_2^2 + \cdots + \delta_n^2};;;
355;||\vec{\epsilon}|| = \sqrt{z_1^2 + \beta_2^2 + \cdots + \delta_n^2};;;
356;\psi^{-1}(\zeta);;;
357;f^{-1}(\epsilon);;;
358;\omega^{-1}(a);;;
359;g^{-1}(\delta);;;
360;h^{-1}(b);;;
361;\phi^{-1}(z);;;
362;g^{-1}(z);;;
363;f^{-1}(\delta);;;
364;\omega^{-1}(\eta);;;
365;g^{-1}(\beta);;;
366;\phi^{-1}(x);;;
367;h^{-1}(z);;;
368;f^{-1}(a);;;
369;f^{-1}(c);;;
370;h^{-1}(z);;;
371;f^{-1}(x);;;
372;h^{-1}(x);;;
373;\phi^{-1}(\alpha);;;
374;\phi^{-1}(z);;;
375;h^{-1}(z);;;
376;e^ \zeta = \sum_{{n=0}}^{\infty} \frac{\zeta^n}{n!};;;
377;e^ x = \sum_{{n=0}}^{\infty} \frac{\epsilon^n}{n!};;;
378;e^ z = \sum_{{n=0}}^{\infty} \frac{\delta^n}{n!};;;
379;e^ a = \sum_{{n=0}}^{\infty} \frac{\alpha^n}{n!};;;
380;e^ \alpha = \sum_{{n=0}}^{\infty} \frac{y^n}{n!};;;
381;e^ \delta = \sum_{{n=0}}^{\infty} \frac{\eta^n}{n!};;;
382;e^ \eta = \sum_{{n=0}}^{\infty} \frac{c^n}{n!};;;
383;e^ \epsilon = \sum_{{n=0}}^{\infty} \frac{\zeta^n}{n!};;;
384;e^ b = \sum_{{n=0}}^{\infty} \frac{\alpha^n}{n!};;;
385;e^ \delta = \sum_{{n=0}}^{\infty} \frac{c^n}{n!};;;
386;e^ b = \sum_{{n=0}}^{\infty} \frac{z^n}{n!};;;
387;e^ c = \sum_{{n=0}}^{\infty} \frac{z^n}{n!};;;
388;e^ c = \sum_{{n=0}}^{\infty} \frac{y^n}{n!};;;
389;e^ \delta = \sum_{{n=0}}^{\infty} \frac{z^n}{n!};;;
390;e^ x = \sum_{{n=0}}^{\infty} \frac{b^n}{n!};;;
391;e^ \zeta = \sum_{{n=0}}^{\infty} \frac{\zeta^n}{n!};;;
392;e^ c = \sum_{{n=0}}^{\infty} \frac{y^n}{n!};;;
393;e^ \eta = \sum_{{n=0}}^{\infty} \frac{\beta^n}{n!};;;
394;e^ y = \sum_{{n=0}}^{\infty} \frac{b^n}{n!};;;
395;e^ \zeta = \sum_{{n=0}}^{\infty} \frac{z^n}{n!};;;
396;\frac{dy}{d \eta} = \phi'(a);;;
397;\frac{dy}{d \delta} = G'(a);;;
398;\frac{dy}{d \epsilon} = \phi'(\alpha);;;
399;\frac{dy}{d \epsilon} = \phi'(\delta);;;
400;\frac{dy}{d b} = g'(\epsilon);;;
401;\frac{dy}{d b} = g'(\beta);;;
402;\frac{dy}{d \epsilon} = \phi’(\delta);;;
403;\frac{dy}{d \alpha} = g'(\eta);;;
404;\frac{dy}{d z} = f'(a);;;
405;\frac{dy}{d \epsilon} = g'(\epsilon);;;
406;\frac{dy}{d \zeta} = g'(\beta);;;
407;\frac{dy}{d \delta} = f'(\alpha);;;
408;\frac{dy}{d b} = \phi'(a);;;
409;\frac{dy}{d \eta} = f’(\beta);;;
410;\frac{dy}{d \epsilon} = h'(a);;;
411;\frac{dy}{d \alpha} = h'(\epsilon);;;
412;\frac{dy}{d c} = {\phi'(a);;;
413;\frac{dy}{d \epsilon} = {\phi'(\epsilon);;;
414;\frac{dy}{d c} = {\psi'(\eta);;;
415;\frac{dy}{d b} = {\phi'(\eta);;;
416;c \equiv 989 \mod{n};;;
417;b \equiv 38 \mod{n};;;
418;\delta \equiv 311 \mod{n};;;
419;\delta \equiv 636 \mod{n};;;
420;\delta \equiv 223 \mod{n};;;
421;\eta \equiv 596 \mod{n};;;
422;x \equiv 784 \mod{n};;;
423;\eta \equiv 5520 \mod{n};;;
424;\epsilon \equiv 440 \mod{n};;;
425;\epsilon \equiv 610 \mod{n};;;
426;\delta \equiv 654 \mod{n};;;
427;x \equiv 892 \mod{n};;;
428;x \equiv 806 \mod{n};;;
429;b \equiv 680 \mod{n};;;
430;\delta \equiv 214 \mod{n};;;
431;\delta \equiv 411 \mod{n};;;
432;\eta \equiv 4375 \mod{n};;;
433;\delta \equiv 958 \mod{n};;;
434;\epsilon \equiv 148 \mod{n};;;
435;\alpha \equiv 9136 \mod{n};;;
436; \delta \oplus b = y;;;
437; c \oplus c = \epsilon;;;
438; a \oplus a = x;;;
439; x \oplus \delta = x;;;
440; \eta \oplus \eta = \eta;;;
441; a \oplus c = a;;;
442; c \oplus \zeta = z;;;
443; c \oplus a = c;;;
444; \zeta \oplus \zeta = y;;;
445; \epsilon \oplus \delta = \beta;;;
446; b \oplus c = \eta;;;
447; a \oplus \eta = \epsilon;;;
448; y \oplus x = y;;;
449; z \oplus \alpha = \delta;;;
450; b \oplus \eta = x;;;
451; \eta \oplus \zeta = \zeta;;;
452; \alpha \oplus y = x;;;
453; \epsilon \oplus \alpha = \zeta;;;
454; x \oplus x = c;;;
455; a \oplus \beta = \zeta;;;
456;[C|A] = X;;;
457;D_A \cup Y_B = B_C;;;
458;Y_A \cap X_B = C_D;;;
459;\cos(x) + \sin(\delta);;;
460;\cos(y) + \sin(c);;;
461;\cos(\beta) + \sin(\beta);;;
462;\cos(\delta) + \sin(\alpha);;;
463;\cos(\epsilon) + \sin(\epsilon);;;
464;\cos(\zeta) + \sin(\zeta);;;
465;\cos(y) + \sin(z);;;
466;\cos(y) + \sin(c);;;
467;\cos(y) + \sin(\delta);;;
468;\cos(b) + \sin(a);;;
469;\cos(a) + \sin(a);;;
470;\cos(x) + \sin(x);;;
471;\cos(b) + \sin(x);;;
472;\cos(\delta) + \sin(b);;;
473;\cos(x) + \sin(z);;;
474;\cos(\zeta) + \sin(y);;;
475;\cos(z) + \sin(z);;;
476;\cos(z) + \sin(c);;;
477;\cos(\eta) + \sin(c);;;
478;\cos(\alpha) + \sin(\delta);;;
479; \epsilon \otimes z = \beta;;;
480; \zeta \otimes \zeta = a;;;
481; y \otimes \zeta = \epsilon;;;
482; y \otimes y = c;;;
483; b \otimes a = \zeta;;;
484; y \otimes b = \eta;;;
485; b \otimes \delta = a;;;
486; \zeta \otimes x = a;;;
487; \epsilon \otimes \beta = \gamma;;;
488; b \otimes c = b;;;
489; z \otimes y = \beta;;;
490; y \otimes a = \epsilon;;;
491; z \otimes \zeta = a;;;
492; a \otimes \beta = c;;;
493; y \otimes c = \gamma;;;
494; z \otimes y = b;;;
495; \epsilon \otimes y = y;;;
496; z \otimes x = b;;;
497; c \otimes \beta = y;;;
498; z \otimes c = a;;;
499; \zeta \odot \alpha = x;;;
500; \alpha \odot z = x;;;
501; b \odot y = c;;;
502; y \odot c = \zeta;;;
503; \alpha \odot \zeta = \delta;;;
504; y \odot \epsilon = b;;;
505; y \odot \alpha = \alpha;;;
506; a \odot a = b;;;
507; \zeta \odot b = b;;;
508; a \odot b = \epsilon;;;
509; x \odot \epsilon = \eta;;;
510; c \odot \eta = c;;;
511; \epsilon \odot z = \epsilon;;;
512; \alpha \odot \alpha = \delta;;;
513; b \odot y = \alpha;;;
514; \zeta \odot a = \zeta;;;
515; \eta \odot y = y;;;
516; \delta \odot \delta = \gamma;;;
517; x \odot b = x;;;
518; \eta \odot a = x;;;
519;[\eta_1, \delta_2, \ldots, \eta_n]^T;;;
520;[z_1, \beta_2, \ldots, \delta_n]^T;;;
521;[y_1, x_2, \ldots, z_n]^T;;;
522;[\epsilon_1, x_2, \ldots, x_n]^T;;;
523;[\eta_1, \beta_2, \ldots, c_n]^T;;;
524;[\zeta_1, x_2, \ldots, \delta_n]^T;;;
525;[\zeta_1, z_2, \ldots, \gamma_n]^T;;;
526;[y_1, \zeta_2, \ldots, \alpha_n]^T;;;
527;[a_1, \beta_2, \ldots, \eta_n]^T;;;
528;[c_1, c_2, \ldots, \alpha_n]^T;;;
529;[\alpha_1, a_2, \ldots, \beta_n]^T;;;
530;[\alpha_1, \zeta_2, \ldots, \zeta_n]^T;;;
531;[x_1, a_2, \ldots, \eta_n]^T;;;
532;[\epsilon_1, y_2, \ldots, z_n]^T;;;
533;[x_1, \delta_2, \ldots, \epsilon_n]^T;;;
534;[\beta_1, \beta_2, \ldots, b_n]^T;;;
535;[b_1, y_2, \ldots, \eta_n]^T;;;
536;[c_1, y_2, \ldots, x_n]^T;;;
537;[x_1, b_2, \ldots, \beta_n]^T;;;
538;[\delta_1, \alpha_2, \ldots, \alpha_n]^T;;;
539;\gcd(4177, 456) = 854;;;
540;\gcd(600, 1662) = 991;;;
541;\gcd(166, 617) = 559;;;
542;\gcd(499, 635) = 489;;;
543;\gcd(101, 542) = 800;;;
544;\gcd(914, 223) = 593;;;
545;\gcd(519, 767) = 722;;;
546;\gcd(562, 354) = 476;;;
547;\gcd(350, 409) = 136;;;
548;\gcd(6424, 761) = 5477;;;
549;\gcd(867, 101) = 584;;;
550;\gcd(499, 5250) = 525;;;
551;\gcd(391, 8535) = 493;;;
552;\gcd(634, 611) = 2353;;;
553;\gcd(829, 956) = 703;;;
554;\gcd(6, 687) = 250;;;
555;\gcd(614, 940) = 88;;;
556;\gcd(500, 168) = 170;;;
557;\gcd(416, 5529) = 552;;;
558;\gcd(39, 358) = 907;;;
559;\text{{LCM}}(861, 6959) = 959;;;
560;\text{{LCM}}(956, 45) = 657;;;
561;\text{{LCM}}(17, 777) = 844;;;
562;\text{{LCM}}(910, 5735) = 735;;;
563;\text{{LCM}}(161, 974) = 245;;;
564;\text{{LCM}}(39, 919) = 2464;;;
565;\text{{LCM}}(793, 832) = 216;;;
566;\text{{LCM}}(57, 904) = 312;;;
567;\text{{LCM}}(582, 967) = 678;;;
568;\text{{LCM}}(131, 583) = 743;;;
569;\text{{LCM}}(743, 348) = 671;;;
570;\text{{LCM}}(385, 758) = 977;;;
571;\text{{LCM}}(380, 290) = 332;;;
572;\text{{LCM}}(75, 316) = 796;;;
573;\text{{LCM}}(671, 710) = 565;;;
574;\text{{LCM}}(6189, 605) = 8498;;;
575;\text{{LCM}}(3851, 61) = 385;;;
576;\text{{LCM}}(604, 855) = 986;;;
577;\text{{LCM}}(103, 309) = 832;;;
578;\text{{LCM}}(519, 930) = 408;;;
579;\mathbb{C};;;
580;\ker(D);;;
581;\text{{Im}}(A);;;
582; \epsilon = y + i \alpha;;;
583; x = a + i x;;;
584; \delta = \delta + i \eta;;;
585; z = c + i y;;;
586; z = \delta + i z;;;
587; \delta = \gamma + i \gamma;;;
588; \alpha = \alpha + i b;;;
589; \epsilon = x + i a;;;
590; y = \beta + i \gamma;;;
591; z = x + i z;;;
592; \alpha = \eta + i z;;;
593; \epsilon = \beta + i \alpha;;;
594; \delta = b + i \epsilon;;;
595; \delta = y + i y;;;
596; \delta = \zeta + i \eta;;;
597; y = a + i a;;;
598; \delta = y + i \delta;;;
599; a = z + i \eta;;;
600; \epsilon = \alpha + i c;;;
601; x = z + i \gamma;;;
602;\psi(b) = O(\psi(\alpha));;;
603;\phi(\epsilon) = O(\phi(\epsilon));;;
604;\phi(\epsilon) = O(h(\epsilon));;;
605;h(\zeta) = O(\psi(x));;;
606;g(\eta) = O(\phi(\eta));;;
607;\psi(a) = O(\psi(\eta));;;
608;f(c) = O(\psi(\beta));;;
609;f(z) = O(g(a));;;
610;g(\eta) = O(g(\eta));;;
611;h(c) = O(\phi(\zeta));;;
612;\phi(\delta) = O(h(\alpha));;;
613;g(\alpha) = O(\psi(\alpha));;;
614;\phi(\epsilon) = O(h(c));;;
615;f(\delta) = O(g(b));;;
616;h(\alpha) = O(g(c));;;
617;\psi(z) = O(\psi(z));;;
618;g(\delta) = O(\psi(y));;;
619;g(z) = O(g(\alpha));;;
620;\phi(\zeta) = O(\psi(\beta));;;
621;g(\alpha) = O(\psi(\zeta));;;
622;\phi(\alpha) = o(g(x));;;
623;f(b) = o(f(c));;;
624;h(\eta) = o(h(c));;;
625;f(b) = o(\psi(c));;;
626;h(a) = o(g(z));;;
627;g(x) = o(g(a));;;
628;\phi(c) = o(g(c));;;
629;h(\eta) = o(h(\eta));;;
630;\phi(z) = o(g(z));;;
631;f(x) = o(f(b));;;
632;g(x) = o(\phi(x));;;
633;g(\epsilon) = o(g(\zeta));;;
634;g(x) = o(f(x));;;
635;f(x) = o(g(b));;;
636;f(c) = o(f(\delta));;;
637;f(\alpha) = o(g(z));;;
638;h(y) = o(\psi(x));;;
639;g(\eta) = o(g(y));;;
640;g(\zeta) = o(f(a));;;
641;\phi(\delta) = o(\omega(\alpha));;;
642;\psi(b) = \Theta(\psi(b));;;
643;h(z) = \Theta(h(\eta));;;
644;\phi(\delta) = \Theta(f(c));;;
645;\omega(y) = \Theta(\omega(\epsilon));;;
646;g(\epsilon) = \Theta(\psi(a));;;
647;g(b) = \Theta(g(\beta));;;
648;h(z) = \Theta(h(\beta));;;
649;f(z) = \Theta(g(c));;;
650;h(x) = \Theta(g(\eta));;;
651;h(\gamma) = \Theta(f(\epsilon));;;
652;g(x) = \Theta(f(x));;;
653;\phi(\eta) = \Theta(\phi(\epsilon));;;
654;g(c) = \Theta(\psi(\eta));;;
655;h(\delta) = \Theta(h(\beta));;;
656;g(\delta) = \Theta(\psi(\delta));;;
657;h(\eta) = \Theta(\phi(x));;;
658;h(y) = \Theta(h(\epsilon));;;
659;g(a) = \Theta(\omega(\delta));;;
660;g(\delta) = \Theta(\phi(\delta));;;
661;f(y) = \Theta(\phi(z));;;
662;g(a, \eta) = 857 b^2 + 930\delta\epsilon + 6149\zeta^2;;;
663;\psi(\eta, \epsilon) = 176 \epsilon^2 + 95\delta\epsilon + 304\zeta^2;;;
664;\omega(c, x) = 652 \delta^2 + 731\delta\epsilon + 54\zeta^2;;;
665;\psi(y, y) = 717 a^2 + 662\delta\epsilon + 297\zeta^2;;;
666;f(\zeta, y) = 720 \zeta^2 + 740\delta\epsilon + 781\zeta^2;;;
667;f(\alpha, b) = 670 \delta^2 + 294\delta\epsilon + 793\zeta^2;;;
668;g(\eta, \beta) = 489 b^2 + 184\delta\epsilon + 302\zeta^2;;;
669;h(x, \eta) = 700 \zeta^2 + 801\delta\epsilon + 353\zeta^2;;;
670;h(\zeta, \delta) = 502 y^2 + 164\delta\epsilon + 196\zeta^2;;;
671;\phi(a, \beta) = 576 \delta^2 + 309\delta\epsilon + 302\zeta^2;;;
672;\psi(z, y) = 469 z^2 + 395\delta\epsilon + 509\zeta^2;;;
673;h(a, \eta) = 152 b^2 + 539\delta\epsilon + 648\zeta^2;;;
674;\phi(\alpha, \eta) = 936 b^2 + 316\delta\epsilon + 946\zeta^2;;;
675;h(x, \epsilon) = 306 \epsilon^2 + 634\delta\epsilon + 136\zeta^2;;;
676;h(\alpha, \gamma) = 413 \gamma^2 + 96\delta\epsilon + 912\zeta^2;;;
677;f(z, \zeta) = 503 \gamma^2 + 354\delta\epsilon + 249\zeta^2;;;
678;\omega(b, \eta) = 233 b^2 + 892\delta\epsilon + 510\zeta^2;;;
679;g(\epsilon, \eta) = 467 \beta^2 + 886\delta\epsilon + 30\zeta^2;;;
680;h(y, \eta) = 751 z^2 + 200\delta\epsilon + 395\zeta^2;;;
681;f(c, x) = 588 \alpha^2 + 722\delta\epsilon + 975\zeta^2;;;
682; \zeta \mapsto y;;;
683; \eta \mapsto \delta;;;
684; y \mapsto x;;;
685; x \mapsto y;;;
686; c \mapsto c;;;
687; x \mapsto \delta;;;
688; b \mapsto \eta;;;
689; z \mapsto c;;;
690; \delta \mapsto \delta;;;
691; \zeta \mapsto \delta;;;
692; b \mapsto \zeta;;;
693; c \mapsto \delta;;;
694; y \mapsto x;;;
695; b \mapsto \zeta;;;
696; \eta \mapsto c;;;
697; b \mapsto \epsilon;;;
698; z \mapsto c;;;
699; \epsilon \mapsto a;;;
700; \zeta \mapsto x;;;
701; a \mapsto x;;;
702;\langle y, y \rangle = \epsilon \cdot \delta;;;
703;\langle \alpha, \alpha \rangle = \gamma \cdot \delta;;;
704;\langle a, a \rangle = a \cdot \delta;;;
705;\langle c, \delta \rangle = \eta \cdot \delta;;;
706;\langle \eta, \delta \rangle = \gamma \cdot \delta;;;
707;\langle y, \zeta \rangle = y \cdot \delta;;;
708;\langle x, x \rangle = x \cdot \delta;;;
709;\langle \delta, x \rangle = \zeta \cdot \delta;;;
710;\langle y, \alpha \rangle = y \cdot \delta;;;
711;\langle \alpha, \eta \rangle = \eta \cdot \delta;;;
712;\langle \eta, z \rangle = \zeta \cdot \delta;;;
713;\langle c, z \rangle = c \cdot \delta;;;
714;\langle a, \eta \rangle = \alpha \cdot \delta;;;
715;\langle a, a \rangle = \beta \cdot \delta;;;
716;\langle b, \zeta \rangle = c \cdot \delta;;;
717;\langle b, a \rangle = x \cdot \delta;;;
718;\langle z, \zeta \rangle = y \cdot \delta;;;
719;\langle z, \alpha \rangle = \alpha \cdot \delta;;;
720;\langle c, c \rangle = \delta \cdot \delta;;;
721;\langle \eta, y \rangle = a \cdot \delta;;;
722;H_0 : \delta = 335;;;
723;H_0 : \alpha = 159;;;
724;H_0 : b = 809;;;
725;H_0 : c = 7922;;;
726;H_0 : z = 402;;;
727;H_0 : \epsilon = 557;;;
728;H_0 : \epsilon = 571;;;
729;H_0 : z = 335;;;
730;H_0 : z = 664;;;
731;H_0 : a = 847;;;
732;H_0 : \delta = 734;;;
733;H_0 : a = 563;;;
734;H_0 : \zeta = 500;;;
735;H_0 : y = 90;;;
736;H_0 : \alpha = 745;;;
737;H_0 : \epsilon = 858;;;
738;H_0 : a = 997;;;
739;H_0 : \eta = 203;;;
740;H_0 : x = 760;;;
741;H_0 : \delta = 189;;;
742;H_a : y \neq 443;;;
743;H_a : \epsilon \neq 67;;;
744;H_a : \alpha \neq 763;;;
745;H_a : \alpha \neq 313;;;
746;H_a : y \neq 4198;;;
747;H_a : a \neq 518;;;
748;H_a : \alpha \neq 296;;;
749;H_a : x \neq 802;;;
750;H_a : x \neq 180;;;
751;H_a : z \neq 8346;;;
752;H_a : b \neq 784;;;
753;H_a : \alpha \neq 485;;;
754;H_a : y \neq 143;;;
755;H_a : y \neq 78;;;
756;H_a : x \neq 785;;;
757;H_a : c \neq 6180;;;
758;H_a : y \neq 338;;;
759;H_a : \alpha \neq 365;;;
760;H_a : a \neq 191;;;
761;H_a : \alpha \neq 998;;;
762;t = \frac{{\bar c} - 237}{\sigma/\sqrt{n}};;;
763;t = \frac{{\bar z} - 960}{\sigma/\sqrt{n}};;;
764;t = \frac{{\bar x} - 409}{\sigma/\sqrt{n}};;;
765;t = \frac{{\bar x} - 408}{\sigma/\sqrt{n}};;;
766;t = \frac{{\bar a} - 715}{\sigma/\sqrt{n}};;;
767;t = \frac{{\bar x} - 453}{\sigma/\sqrt{n}};;;
768;t = \frac{{\bar \delta} - 680}{\sigma/\sqrt{n}};;;
769;t = \frac{{\bar \eta} - 441}{\sigma/\sqrt{n}};;;
770;t = \frac{{\bar \delta} - 610}{\sigma/\sqrt{n}};;;
771;t = \frac{{\bar c} - 136}{\sigma/\sqrt{n}};;;
772;t = \frac{{\bar \epsilon} - 862}{\sigma/\sqrt{n}};;;
773;t = \frac{{\bar \alpha} - 699}{\sigma/\sqrt{n}};;;
774;t = \frac{{\bar c} - 684}{\sigma/\sqrt{n}};;;
775;t = \frac{{\bar \alpha} - 798}{\sigma/\sqrt{n}};;;
776;t = \frac{{\bar b} - 4838}{\sigma/\sqrt{n}};;;
777;t = \frac{{\bar \delta} - 539}{\sigma/\sqrt{n}};;;
778;t = \frac{{\bar \gamma} - 310}{\sigma/\sqrt{n}};;;
779;t = \frac{{\bar c} - 753}{\sigma/\sqrt{n}};;;
780;t = \frac{{\bar z} - 920}{\sigma/\sqrt{n}};;;
781;t = \frac{{\bar \beta} - 100}{\sigma/\sqrt{n}};;;
782;\chi^2 = \sum \frac{({observed}-{expected})^2}{{expected}};;;
783;F(b, \beta) = \int_{{\zeta}}^{{\eta}} \int_{{\zeta}}^{{\eta}} f(y,\delta) d\epsilon d\zeta;;;
784;F(\delta, c) = \int_{{\zeta}}^{{\eta}} \int_{{\zeta}}^{{\eta}} f(\zeta,\delta) d\epsilon d\zeta;;;
785;F(z, \beta) = \int_{{\zeta}}^{{\eta}} \int_{{\zeta}}^{{\eta}} f(\eta,\delta) d\epsilon d\zeta;;;
786;F(y, \eta) = \int_{{\zeta}}^{{\eta}} \int_{{\zeta}}^{{\eta}} f(\eta,\delta) d\epsilon d\zeta;;;
787;F(c, b) = \int_{{\zeta}}^{{\eta}} \int_{{\zeta}}^{{\eta}} f(\epsilon,\delta) d\epsilon d\zeta;;;
788;F(c, b) = \int_{{\zeta}}^{{\eta}} \int_{{\zeta}}^{{\eta}} f(c,\delta) d\epsilon d\zeta;;;
789;F(\epsilon, \alpha) = \int_{{\zeta}}^{{\eta}} \int_{{\zeta}}^{{\eta}} f(z,\delta) d\epsilon d\zeta;;;
790;F(b, b) = \int_{{\zeta}}^{{\eta}} \int_{{\zeta}}^{{\eta}} f(z,\delta) d\epsilon d\zeta;;;
791;F(\delta, \delta) = \int_{{\zeta}}^{{\eta}} \int_{{\zeta}}^{{\eta}} f(\delta,\delta) d\epsilon d\zeta;;;
792;F(c, \beta) = \int_{{\zeta}}^{{\eta}} \int_{{\zeta}}^{{\eta}} f(\beta,\delta) d\epsilon d\zeta;;;
793;F(x, \zeta) = \int_{{\zeta}}^{{\eta}} \int_{{\zeta}}^{{\eta}} f(\gamma,\delta) d\epsilon d\zeta;;;
794;F(b, x) = \int_{{\zeta}}^{{\eta}} \int_{{\zeta}}^{{\eta}} f(y,\delta) d\epsilon d\zeta;;;
795;F(x, \zeta) = \int_{{\zeta}}^{{\eta}} \int_{{\zeta}}^{{\eta}} f(\zeta,\delta) d\epsilon d\zeta;;;
796;F(a, x) = \int_{{\zeta}}^{{\eta}} \int_{{\zeta}}^{{\eta}} f(\epsilon,\delta) d\epsilon d\zeta;;;
797;F(\alpha, a) = \int_{{\zeta}}^{{\eta}} \int_{{\zeta}}^{{\eta}} f(\alpha,\delta) d\epsilon d\zeta;;;
798;F(c, z) = \int_{{\zeta}}^{{\eta}} \int_{{\zeta}}^{{\eta}} f(\delta,\delta) d\epsilon d\zeta;;;
799;F(z, \epsilon) = \int_{{\zeta}}^{{\eta}} \int_{{\zeta}}^{{\eta}} f(\delta,\delta) d\epsilon d\zeta;;;
800;F(\alpha, y) = \int_{{\zeta}}^{{\eta}} \int_{{\zeta}}^{{\eta}} f(\beta,\delta) d\epsilon d\zeta;;;
801;F(\epsilon, z) = \int_{{\zeta}}^{{\eta}} \int_{{\zeta}}^{{\eta}} f(\alpha,\delta) d\epsilon d\zeta;;;
802;F(\alpha, \alpha) = \int_{{\zeta}}^{{\eta}} \int_{{\zeta}}^{{\eta}} f(\alpha,\delta) d\epsilon d\zeta;;;
803;[153,304,9507] \times [507,172,852];;;
804;[595,663,146] \times [655,604,9];;;
805;[449,94,943] \times [133,880,64];;;
806;[365,74,404] \times [668,107,519];;;
807;[479,844,103] \times [899,59,180];;;
808;[372,170,120] \times [739,569,209];;;
809;[739,522,300] \times [389,661,304];;;
810;[450,368,576] \times [965,609,200];;;
811;[577,880,576] \times [787,969,162];;;
812;[546,403,652] \times [14,742,125];;;
813;[911,447,661] \times [40,498,775];;;
814;[137,875,7691] \times [691,310,775];;;
815;[367,514,448] \times [269,491,258];;;
816;[895,8868,49] \times [393,886,718];;;
817;[8772,978,360] \times [706,877,578];;;
818;[106,800,213] \times [450,206,869];;;
819;[890,879,829] \times [3381,338,180];;;
820;[336,739,485] \times [160,546,86];;;
821;[52,837,748] \times [845,748,168];;;
822;[617,395,564] \times [69,6,64];;;
